"Build","Section","Repeat","StartUtc","StartQpc","EndQpc","Frequency"
"old","Zones","1","2026-09-27T04:42:52.7837200Z","211395840536","211696580900","10000000"
"old","Zones","2","2026-09-27T04:43:23.0969942Z","211698638275","211998740779","10000000"
"old","Zones","3","2026-09-27T04:43:53.4092485Z","212001761590","212301960468","10000000"
"old","Units","1","2026-09-27T04:46:27.4028249Z","213541797600","213842660169","10000000"
"old","Units","2","2026-09-27T04:46:57.7068425Z","213844737144","214144849514","10000000"
"old","Units","3","2026-09-27T04:47:27.8683480Z","214146351689","214446471641","10000000"
"current","Zones","1","2026-09-27T04:50:37.7754607Z","216045547241","216346145648","10000000"
"current","Zones","2","2026-09-27T04:51:07.9904574Z","216347573058","216647577117","10000000"
"current","Zones","3","2026-09-27T04:51:38.0839767Z","216648507948","216948592551","10000000"
"current","Units","1","2026-09-27T04:55:08.8995324Z","218756794248","219057270078","10000000"
"current","Units","2","2026-09-27T04:55:39.0975516Z","219058643908","219358756614","10000000"
"current","Units","3","2026-09-27T04:56:09.1998130Z","219359666640","219659749710","10000000"
