Build,Section,Repeat,StartUtc,StartQpc,EndQpc,Frequency,LogFile
old,Zones,1,2026-09-27T04:42:52.7837200Z,211395840536,211696580900,10000000,baseline-old-present.csv
old,Zones,2,2026-09-27T04:43:23.0969942Z,211698638275,211998740779,10000000,baseline-old-present.csv
old,Zones,3,2026-09-27T04:43:53.4092485Z,212001761590,212301960468,10000000,baseline-old-present.csv
old,Units,1,2026-09-27T04:46:27.4028249Z,213541797600,213842660169,10000000,baseline-old-unit-present.csv
old,Units,2,2026-09-27T04:46:57.7068425Z,213844737144,214144849514,10000000,baseline-old-unit-present.csv
old,Units,3,2026-09-27T04:47:27.8683480Z,214146351689,214446471641,10000000,baseline-old-unit-present.csv
current,Zones,1,2026-09-27T04:50:37.7754607Z,216045547241,216346145648,10000000,baseline-current-present.csv
current,Zones,2,2026-09-27T04:51:07.9904574Z,216347573058,216647577117,10000000,baseline-current-present.csv
current,Zones,3,2026-09-27T04:51:38.0839767Z,216648507948,216948592551,10000000,baseline-current-present.csv
current,Units,1,2026-09-27T04:55:08.8995324Z,218756794248,219057270078,10000000,baseline-current-present.csv
current,Units,2,2026-09-27T04:55:39.0975516Z,219058643908,219358756614,10000000,baseline-current-present.csv
current,Units,3,2026-09-27T04:56:09.1998130Z,219359666640,219659749710,10000000,baseline-current-present.csv
"old","Menu","1","2026-09-27T05:33:59.9813079Z","242067578580","242368157495","10000000","old-present.csv"
"old","Menu","2","2026-09-27T05:34:30.1918621Z","242369586882","242669731045","10000000","old-present.csv"
"old","Menu","3","2026-09-27T05:35:00.3028080Z","242670696324","242970801903","10000000","old-present.csv"
"old","Map","1","2026-09-27T05:38:24.9064820Z","244716838552","245017420035","10000000","old-present.csv"
"old","Map","2","2026-09-27T05:38:55.0917388Z","245018585714","245318684787","10000000","old-present.csv"
"old","Map","3","2026-09-27T05:39:25.1895183Z","245319563448","245619598952","10000000","old-present.csv"
"old","Walkthrough","1","2026-09-27T05:41:31.3025273Z","246580930105","246881621899","10000000","old-present.csv"
"old","Walkthrough","2","2026-09-27T05:42:01.6765765Z","246884434376","247184619810","10000000","old-present.csv"
"old","Walkthrough","3","2026-09-27T05:42:31.8770016Z","247186438254","247486558589","10000000","old-present.csv"
"old","Film","1","2026-09-27T05:44:17.3069712Z","248240866518","248541397742","10000000","old-present.csv"
"old","Film","2","2026-09-27T05:44:47.4915690Z","248542583980","248842647091","10000000","old-present.csv"
"old","Film","3","2026-09-27T05:45:17.5856054Z","248843524233","249143640421","10000000","old-present.csv"
"current","Menu","1","2026-09-27T05:47:27.0837354Z","250138623936","250439220667","10000000","current-present.csv"
"current","Menu","2","2026-09-27T05:47:57.2736371Z","250440404768","250740451899","10000000","current-present.csv"
"current","Menu","3","2026-09-27T05:48:27.3707946Z","250741376635","251041468855","10000000","current-present.csv"
"current","Map","1","2026-09-27T05:50:02.2946128Z","251690724726","251991165643","10000000","current-present.csv"
"current","Map","2","2026-09-27T05:50:32.4701584Z","251992369999","252292513207","10000000","current-present.csv"
"current","Map","3","2026-09-27T05:51:02.5740628Z","252293408827","252593431153","10000000","current-present.csv"
"current","Walkthrough","1","2026-09-27T05:55:35.2152538Z","255019954447","255320486724","10000000","current-present.csv"
"current","Walkthrough","2","2026-09-27T05:56:05.4211256Z","255321879480","255621908165","10000000","current-present.csv"
"current","Walkthrough","3","2026-09-27T05:56:35.5154164Z","255622822395","255922906616","10000000","current-present.csv"
"current","Film","1","2026-09-27T05:58:23.8992220Z","256706801511","257007395801","10000000","current-present.csv"
"current","Film","2","2026-09-27T05:58:54.1067669Z","257008736054","257308835200","10000000","current-present.csv"
"current","Film","3","2026-09-27T05:59:24.2113615Z","257309781978","257609851736","10000000","current-present.csv"
