Build,Section,Repeat,Frames,CapturedSeconds,AvgFPS,OnePercentLowFPS,P99FrameMs,MaxFrameMs,FramesOver1000ms,Resolution,Swapchains,PresentAPIs,SyncIntervals
current,Zones,1,1463,30.053,48.68,42.84,23.052,23.865,0,1920x1080,1,Present,0
current,Zones,2,1458,29.971,48.65,42.67,23.201,24.12,0,1920x1080,1,Present,0
current,Zones,3,1455,29.973,48.54,42.31,23.242,24.902,0,1920x1080,1,Present,0
current,Units,1,1687,30.021,56.19,49.11,19.94,21.449,0,1920x1080,1,Present,0
current,Units,2,1685,29.987,56.19,49.22,19.925,20.844,0,1920x1080,1,Present,0
current,Units,3,1683,30.0,56.1,48.64,19.938,24.273,0,1920x1080,1,Present,0
current,Menu,1,1404,30.043,46.73,38.71,24.987,28.799,0,1920x1080,1,Present,0
current,Menu,2,1402,29.981,46.76,39.11,24.84,27.801,0,1920x1080,1,Present,0
current,Menu,3,1397,29.985,46.59,37.35,25.372,29.715,0,1920x1080,1,Present,0
current,Map,1,1414,30.031,47.08,40.96,24.143,24.849,0,1920x1080,1,Present,0
current,Map,2,1411,29.991,47.05,40.33,24.304,27.822,0,1920x1080,1,Present,0
current,Map,3,1410,29.98,47.03,40.65,24.297,24.95,0,1920x1080,1,Present,0
current,Walkthrough,1,1509,30.035,50.24,41.39,22.449,31.874,0,1920x1080,1,Present,0
current,Walkthrough,2,1501,29.968,50.09,41.97,22.582,28.983,0,1920x1080,1,Present,0
current,Walkthrough,3,1502,29.988,50.09,43.9,22.395,23.655,0,1920x1080,1,Present,0
current,Film,1,2320,30.05,77.2,56.9,15.055,48.953,0,1920x1080,1,Present,0
current,Film,2,2310,29.992,77.02,62.0,15.041,25.469,0,1920x1080,1,Present,0
current,Film,3,2305,29.992,76.85,58.73,15.018,55.653,0,1920x1080,1,Present,0
old,Zones,1,329,29.955,10.98,6.64,147.779,154.251,0,1920x1080,1,Present,0
old,Zones,2,261,29.82,8.75,6.46,153.668,155.541,0,1920x1080,1,Present,0
old,Zones,3,328,29.92,10.96,6.2,150.997,165.617,0,1920x1080,1,Present,0
old,Units,1,304,30.032,10.12,6.6,142.954,165.933,0,1920x1080,1,Present,0
old,Units,2,300,29.969,10.01,6.34,145.452,164.384,0,1920x1080,1,Present,0
old,Units,3,300,29.887,10.04,5.98,150.347,178.924,0,1920x1080,1,Present,0
old,Menu,1,537,29.953,17.93,14.58,65.073,71.826,0,1920x1080,1,Present,0
old,Menu,2,535,29.973,17.85,15.17,64.493,67.711,0,1920x1080,1,Present,0
old,Menu,3,536,29.957,17.89,14.13,69.423,74.493,0,1920x1080,1,Present,0
old,Map,1,1270,30.042,42.27,33.42,28.991,34.72,0,1920x1080,1,Present,0
old,Map,2,1262,29.983,42.09,33.1,29.41,33.934,0,1920x1080,1,Present,0
old,Map,3,1258,29.979,41.96,33.14,29.164,32.993,0,1920x1080,1,Present,0
old,Walkthrough,1,343,30.027,11.42,7.34,131.109,140.779,0,1920x1080,1,Present,0
old,Walkthrough,2,339,29.838,11.36,7.63,128.112,133.74,0,1920x1080,1,Present,0
old,Walkthrough,3,340,29.936,11.36,7.52,128.621,137.904,0,1920x1080,1,Present,0
old,Film,1,834,30.014,27.79,22.78,43.056,46.033,0,1920x1080,1,Present,0
old,Film,2,834,29.983,27.82,22.9,43.076,45.175,0,1920x1080,1,Present,0
old,Film,3,834,29.966,27.83,22.73,42.678,47.614,0,1920x1080,1,Present,0
